# form	lemma	relation	suffixMarker	confidence
inspiration	inspire	ation	t	1.00
inspirational	inspire	ation	t	0.94
inspired	inspire	past	d	0.96
inspires	inspire	thirdPerson	s	0.94
inspiring	inspire	gerund	g	0.96
creation	create	tion	t	1.00
created	create	past	d	0.96
creates	create	thirdPerson	s	0.94
creating	create	gerund	g	0.96
communication	communicate	tion	t	1.00
communicated	communicate	past	d	0.96
communicating	communicate	gerund	g	0.96
decision	decide	sion	t	0.96
decided	decide	past	d	0.96
deciding	decide	gerund	g	0.96
children	child	plural	s	1.00
child	child	lemma		1.00
men	man	plural	s	1.00
women	woman	plural	s	1.00
people	person	plural	s	1.00
teeth	tooth	plural	s	1.00
feet	foot	plural	s	1.00
geese	goose	plural	s	1.00
mice	mouse	plural	s	1.00
oxen	ox	plural	s	1.00
went	go	past	d	1.00
gone	go	past	d	0.98
ran	run	past	d	1.00
running	run	gerund	g	0.95
ate	eat	past	d	1.00
eaten	eat	past	d	0.98
saw	see	past	d	1.00
seen	see	past	d	0.98
made	make	past	d	1.00
making	make	gerund	g	0.96
had	have	past	d	1.00
having	have	gerund	g	0.96
did	do	past	d	1.00
done	do	past	d	0.98
was	be	past	d	1.00
were	be	past	d	1.00
been	be	past	d	0.98
cities	city	plural	s	0.98
city	city	lemma		1.00
quickly	quick	ly	l	0.95
happiness	happy	ness	n	0.94
movement	move	ment	m	0.94
ability	able	ity	y	0.90
usable	use	able	b	0.90
creator	create	erOr	r	0.92
